,id,lincode,trivial_name,doi,C 1,C 2,C 3,C 4,C 5,C 6,C 7,C 8,C 9,N 1,H 1,H 2,H 3,H 4,H 5,H 6,H 7,H 8,C 10,C 11,H 9,H 10,H 11
0, ccmrd_11 , GlcpNAc , Chitin ,https://doi.org/10.1038/s41467-018-05199-0,103.2,56.3,73.9,86.6,,,,,,,,,,,,,,,,,,,
1, ccmrd_12 , GlcpN , Chitin ,https://doi.org/10.1038/s41467-018-05199-0,103.4,56.0,73.9,,,,,22.2,,127.7,,,,,,,,,,,,,
2, ccmrd_13 , GlcpN , Chitin ,https://doi.org/10.1038/s41467-018-05199-0,103.6,55.5,72.9,83.0,75.7,60.9,174.8,22.6,,127.9,,,,,,,,,,,,,
3, ccmrd_14 , GlcpN , Chitin ,https://doi.org/10.1038/s41467-018-05199-0,102.4,51.0,72.9,81.3,74.7,60.3,177.5,24.0,,123.6,,,,,,,,,,,,,
4, ccmrd_15 , GlcpN , Chitin ,https://doi.org/10.1038/s41467-018-05199-0,103.2,55.0,73.4,82.2,69.5,,172.5,22.6,,122.6,,,,,,,,,,,,,
5, ccmrd_16 , GlcpNAc , Chitin ,https://doi.org/10.1038/s41467-018-05199-0,103.9,57.1,73.3,87.2,,,,,,,,,,,,,,,,,,,
6, ccmrd_17 , Araf , Arabinan ,https://doi.org/10.1038/s41467-018-05199-0,107.6,81.9,77.1,83.3,69.9,,,,,,,,,,,,,,,,,,
7, ccmrd_18 , Araf , Arabinan ,https://doi.org/10.1038/s41467-018-05199-0,108.2,81.7,,,,,,,,,,,,,,,,,,,,,
8, ccmrd_19 , GlcpNAc , Chitin ,https://doi.org/10.1038/s41467-018-05199-0,,55.9,,,,,,,,130.8,,,,,,,,,,,,,
9, ccmrd_20 , GlcpNAc , Chitin ,https://doi.org/10.1038/s41467-018-05199-0,,54.7,,,,,,,,131.0,,,,,,,,,,,,,
10, ccmrd_21 , GlcpNAc , Chitin ,https://doi.org/10.1038/s41467-018-05199-0,,54.8,,,,,176.1,,,129.5,,,,,,,,,,,,,
11, ccmrd_22 , GlcpNAc , Chitin ,https://doi.org/10.1038/s41467-018-05199-0,102.0,55.2,,,,,173.0,,,129.2,,,,,,,,,,,,,
12, ccmrd_24 , Glcp , Glucan ,https://doi.org/10.1038/s41467-018-05199-0,103.6,74.4,86.4,68.7,77.1,61.3,,,,,,,,,,,,,,,,,
13, ccmrd_25 , Glcp , Glucan ,https://doi.org/10.1038/s41467-018-05199-0,104.6,75.2,85.9,69.6,78.6,63.0,,,,,,,,,,,,,,,,,
14, ccmrd_26 , Glcp , Glucan ,https://doi.org/10.1038/s41467-018-05199-0,102.6,72.8,84.4,69.7,72.2,60.5,,,,,,,,,,,,,,,,,
15, ccmrd_27 , Glcp , Glucan ,https://doi.org/10.1038/s41467-018-05199-0,101.0,71.9,84.6,69.5,71.7,60.5,,,,,,,,,,,,,,,,,
16, ccmrd_28 , Glcp , Glucan ,https://doi.org/10.1038/s41467-018-05199-0,99.9,71.0,80.0,70.4,69.7,60.9,,,,,,,,,,,,,,,,,
17, ccmrd_29 , Glcp , Glucan ,https://doi.org/10.1038/s41467-018-05199-0,101.2,70.1,84.5,67.7,71.5,60.5,,,,,,,,,,,,,,,,,
18, ccmrd_30 , Glcp , Glucan ,https://doi.org/10.1038/s41467-018-05199-0,101.5,70.2,86.8,69.3,71.2,62.4,,,,,,,,,,,,,,,,,
19, ccmrd_31 , Glcp , Glucan ,https://doi.org/10.1038/s41467-018-05199-0,103.3,69.4,71.7,85.3,74.3,63.4,,,,,,,,,,,,,,,,,
20, ccmrd_32 , Glcp , Glucan ,https://doi.org/10.1038/s41467-018-05199-0,102.6,69.4,79.0,71.6,76.9,67.3,,,,,,,,,,,,,,,,,
21, ccmrd_33 , Manp , Mannan ,https://doi.org/10.1038/s41467-018-05199-0,101.0,69.4,76.2,83.4,77.1,61.6,,,,,,,,,,,,,,,,,
22, ccmrd_34 , Glcp , Cellulose ,https://doi.org/10.1038/s41467-018-08252-0,105.8,71.5,75.8,89.1,72.5,64.9,,,,,,,,,,,,,,,,,
23, ccmrd_35 , Glcp , Cellulose ,https://doi.org/10.1038/s41467-018-08252-0,105.1,72.9,74.1,89.1,72.5,65.0,,,,,,,,,,,,,,,,,
24, ccmrd_36 , Glcp , Cellulose ,https://doi.org/10.1038/s41467-018-08252-0,104.2,71.1,,87.9,,65.8,,,,,,,,,,,,,,,,,
25, ccmrd_37 , Glcp , Cellulose ,https://doi.org/10.1038/s41467-018-08252-0,105.4,72.8,75.2,87.2,72.5,64.9,,,,,,,,,,,,,,,,,
26, ccmrd_38 , Glcp , Cellulose ,https://doi.org/10.1038/s41467-018-08252-0,105.4,72.1,,89.9,72.1,65.3,,,,,,,,,,,,,,,,,
27, ccmrd_39 , Glcp , Cellulose ,https://doi.org/10.1038/s41467-018-08252-0,105.2,72.2,75.8,84.3,75.4,62.5,,,,,,,,,,,,,,,,,
28, ccmrd_40 , Glcp , Cellulose ,https://doi.org/10.1038/s41467-018-08252-0,106.1,73.0,73.1,83.5,74.6,61.5,,,,,,,,,,,,,,,,,
29, ccmrd_42 , xylp , Xylan ,https://doi.org/10.1038/s41467-018-08252-0,,,74.4,82.7,64.9,,,,,,,,,,,,,,,,,,
30, ccmrd_43 , Xylp , Xylan ,https://doi.org/10.1038/s41467-018-08252-0,105.1,72.5,74.0,81.5,64.0,,,,,,,,,,,,,,,,,,
31, ccmrd_44 , Glcp , Cellulose ,https://doi.org/10.1021/bi101795q,105.0,72.7,75.3,85.0,75.3,62.5,,,,,,,,,,,,,,,,,
32, ccmrd_45 , Glcp , Cellulose ,https://doi.org/10.1021/bi101795q,105.0,72.7,75.5,88.8,72.0,65.2,,,,,,,,,,,,,,,,,
33, ccmrd_47 ," 4)-α-D-GalpA-(1,2)-α-L-Rhap-(1 ", Rhamnogalacturonan ,https://doi.org/10.1021/bi101795q,101.0,79.7,71.1,72.9,68.1,16.8,,,,,,,,,,,,,,,,,
34, ccmrd_48 , Araf , Arabinan ,https://doi.org/10.1021/bi101795q,108.2,82.0,77.6,84.9,62.3,,,,,,,,,,,,,,,,,,
35, ccmrd_49 , Araf , Arabinan ,https://doi.org/10.1021/bi101795q,110.0,,,82.5,67.3,,,,,,,,,,,,,,,,,,
36, ccmrd_50 , Araf , Arabinan ,https://doi.org/10.1021/bi101795q,,,,83.2,67.8,,,,,,,,,,,,,,,,,,
37, ccmrd_51 , Galp , Galactan ,https://doi.org/10.1021/bi101795q,105.0,72.6,74.3,78.4,75.2,61.7,,,,,,,,,,,,,,,,,
38, ccmrd_52 , b-D-Galp-(1-2)-a-D-Xylp-(1-6)-b-D-Glcp-(1- , Xyloglucan ,https://doi.org/10.1021/bi101795q,105.0,72.7,75.9,83.0,73.8,61.5,,,,,,,,,,,,,,,,,
39, ccmrd_53 , Xylp , Xylan ,https://doi.org/10.1021/bi101795q,98.0,72.6,75.5,78.5,63.0,,,,,,,,,,,,,,,,,,
40, ccmrd_54 , Glcp , Cellulose ,https://doi.org/10.1021/bi3015532,105.1,72.2,74.1,88.6,72.2,64.7,,,,,,,,,,,,,,,,,
41, ccmrd_55 , Glcp , Cellulose ,https://doi.org/10.1021/bi3015532,104.1,72.2,75.0,87.9,70.8,65.6,,,,,,,,,,,,,,,,,
42, ccmrd_56 , Glcp , Cellulose ,https://doi.org/10.1021/bi500231b,105.0,72.9,75.8,89.2,72.9,65.2,,,,,,,,,,,,,,,,,
43, ccmrd_57 , Glcp , Cellulose ,https://doi.org/10.1021/bi500231b,105.0,72.5,75.6,88.8,72.5,65.1,,,,,,,,,,,,,,,,,
44, ccmrd_58 , Glcp , Cellulose ,https://doi.org/10.1021/bi500231b,105.0,72.5,75.4,88.1,76.0,,,,,,,,,,,,,,,,,,
45, ccmrd_59 , Glcp , Cellulose ,https://doi.org/10.1021/bi500231b,105.0,72.5,75.6,84.7,75.7,62.9,,,,,,,,,,,,,,,,,
46, ccmrd_60 , Glcp , Cellulose ,https://doi.org/10.1021/bi500231b,105.0,72.5,75.6,84.7,75.9,62.0,,,,,,,,,,,,,,,,,
47, ccmrd_61 , Glcp , Cellulose ,https://doi.org/10.1021/bi500231b,105.0,72.5,75.5,83.9,74.0,61.8,,,,,,,,,,,,,,,,,
48, ccmrd_62 , [aDAraf(1-3)]bDXylp(1-4)[bDGlcpA(1-2)]bDXylp(1- , Glucuronoarabinoxylan ,https://doi.org/10.1021/bi500231b,98.6,72.4,78.3,,72.6,177.5,,,,,,,,,,,,,,,,,
49, ccmrd_63 , [aDXylp(1-2)]bDGlcp(1-6)bDGlcp , Xyloglucan ,https://doi.org/10.1021/bi500231b,99.6,72.5,74.2,70.4,62.6,,,,,,,,,,,,,,,,,,
50, ccmrd_64 , [aDAraf(1-3)]bDXylp(1-4)[bDGlcpA(1-2)]bDXylp(1- , Glucuronoarabinoxylan ,https://doi.org/10.1021/bi500231b,102.4,78.6,,,,,,,,,,,,,,,,,,,,,
51, ccmrd_65 , Araf , Arabinan ,https://doi.org/10.1021/bi500231b,107.1,89.8,76.8,78.6,70.7,,,,,,,,,,,,,,,,,,
52, ccmrd_66 , Araf , Arabinan ,https://doi.org/10.1021/bi500231b,,,,,68.8,,,,,,,,,,,,,,,,,,
53, ccmrd_67 , Araf , Arabinan ,https://doi.org/10.1021/bi500231b,107.3,87.8,72.6,,,,,,,,,,,,,,,,,,,,
54, ccmrd_68 , Araf , Arabinan ,https://doi.org/10.1021/bi500231b,110.0,82.2,77.7,84.9,62.3,,,,,,,,,,,,,,,,,,
55, ccmrd_69 , Araf , Arabinan ,https://doi.org/10.1021/bi500231b,108.4,81.7,,,,,,,,,,,,,,,,,,,,,
56, ccmrd_70 , Araf , Arabinan ,https://doi.org/10.1021/bi500231b,110.0,82.2,77.8,83.2,67.9,,,,,,,,,,,,,,,,,,
57, ccmrd_71 , Araf , Arabinan ,https://doi.org/10.1021/bi500231b,110.0,82.2,77.8,83.0,64.0,,,,,,,,,,,,,,,,,,
58, ccmrd_72 , Araf , Arabinan ,https://doi.org/10.1021/bi500231b,108.4,81.7,77.8,82.5,67.5,,,,,,,,,,,,,,,,,,
59, ccmrd_73 , Araf , Arabinan ,https://doi.org/10.1021/bi500231b,109.6,80.8,85.3,83.3,62.3,,,,,,,,,,,,,,,,,,
60, ccmrd_74 , Araf , Arabinan ,https://doi.org/10.1021/bi500231b,,,,83.6,,,,,,,,,,,,,,,,,,,
61, ccmrd_75 , Araf , Arabinan ,https://doi.org/10.1021/bi500231b,108.9,80.8,85.3,83.3,62.3,,,,,,,,,,,,,,,,,,
62, ccmrd_76 , Araf , Arabinan ,https://doi.org/10.1021/bi500231b,108.4,80.2,,,,,,,,,,,,,,,,,,,,,
63, ccmrd_77 , (1-4)αDGalpA(1-2)αLRhap , Rhamnogalacturonan ,https://doi.org/10.1021/bi500231b,100.8,79.1,,,69.2,17.8,,,,,,,,,,,,,,,,,
64, ccmrd_78 , Galp , Galactan ,https://doi.org/10.1021/bi500231b,105.0,72.5,74.4,78.4,75.3,61.7,,,,,,,,,,,,,,,,,
65, ccmrd_79 , Galp , Galactan ,https://doi.org/10.1021/bi500231b,103.4,74.0,76.4,73.8,74.8,61.7,,,,,,,,,,,,,,,,,
66, ccmrd_80 , Galp , Galactan ,https://doi.org/10.1021/bi500231b,103.9,71.9,73.8,69.5,75.8,61.8,,,,,,,,,,,,,,,,,
67, ccmrd_82 , Glcp , Cellulose ,https://doi.org/10.1021/acs.biomac.6b00441,105.8,71.6,74.4,89.0,72.6,65.0,,,,,,,,,,,,,,,,,
68, ccmrd_83 , Glcp , Cellulose ,https://doi.org/10.1021/acs.biomac.6b00441,104.8,72.6,75.4,88.8,72.6,65.5,,,,,,,,,,,,,,,,,
69, ccmrd_84 , Glcp , Cellulose ,https://doi.org/10.1021/acs.biomac.6b00441,104.1,71.8,75.2,88.1,71.2,65.9,,,,,,,,,,,,,,,,,
70, ccmrd_85 , Glcp , Cellulose ,https://doi.org/10.1021/acs.biomac.6b00441,105.2,72.5,74.8,87.0,72.5,64.7,,,,,,,,,,,,,,,,,
71, ccmrd_86 , Glcp , Cellulose ,https://doi.org/10.1021/acs.biomac.6b00441,105.0,71.2,74.6,89.9,71.2,65.3,,,,,,,,,,,,,,,,,
72, ccmrd_87 , Glcp , Cellulose ,https://doi.org/10.1021/acs.biomac.6b00441,105.1,72.5,75.3,84.5,75.3,62.5,,,,,,,,,,,,,,,,,
73, ccmrd_88 , Glcp , Cellulose ,https://doi.org/10.1021/acs.biomac.6b00441,104.9,72.9,75.3,83.5,75.3,61.5,,,,,,,,,,,,,,,,,
74, ccmrd_89 , Glcp , Cellulose ,https://doi.org/10.1021/acs.biomac.6b00441,105.8,71.6,74.4,89.1,72.6,64.9,,,,,,,,,,,,,,,,,
75, ccmrd_90 , Glcp , Cellulose ,https://doi.org/10.1021/acs.biomac.6b00441,105.0,72.6,75.6,89.0,72.6,65.0,,,,,,,,,,,,,,,,,
76, ccmrd_91 , Glcp , Cellulose ,https://doi.org/10.1021/acs.biomac.6b00441,104.1,71.8,75.2,88.1,71.1,65.9,,,,,,,,,,,,,,,,,
77, ccmrd_92 , Glcp , Cellulose ,https://doi.org/10.1021/acs.biomac.6b00441,105.3,72.6,75.2,87.5,72.6,64.8,,,,,,,,,,,,,,,,,
78, ccmrd_93 , Glcp , Cellulose ,https://doi.org/10.1021/acs.biomac.6b00441,104.8,,,90.0,,65.4,,,,,,,,,,,,,,,,,
79, ccmrd_94 , Glcp , Cellulose ,https://doi.org/10.1021/acs.biomac.6b00441,105.1,72.9,75.4,84.5,75.4,62.4,,,,,,,,,,,,,,,,,
80, ccmrd_95 , Glcp , Cellulose ,https://doi.org/10.1021/acs.biomac.6b00441,105.0,72.6,75.3,83.7,75.3,61.6,,,,,,,,,,,,,,,,,
81, ccmrd_96 , Glcp , Cellulose ,https://doi.org/10.1021/acs.biomac.6b00441,105.8,71.7,75.7,89.0,72.7,65.0,,,,,,,,,,,,,,,,,
82, ccmrd_97 , Glcp , Cellulose ,https://doi.org/10.1021/acs.biomac.6b00441,105.0,72.7,75.7,89.0,72.7,65.3,,,,,,,,,,,,,,,,,
83, ccmrd_98 , Glcp , Cellulose ,https://doi.org/10.1021/acs.biomac.6b00441,104.1,71.2,,88.0,71.2,66.0,,,,,,,,,,,,,,,,,
84, ccmrd_99 , Glcp , Cellulose ,https://doi.org/10.1021/acs.biomac.6b00441,105.4,72.8,75.2,87.9,72.6,64.9,,,,,,,,,,,,,,,,,
85, ccmrd_100 , Glcp , Cellulose ,https://doi.org/10.1021/acs.biomac.6b00441,105.4,72.0,,90.1,72.0,65.4,,,,,,,,,,,,,,,,,
86, ccmrd_101 , Glcp , Cellulose ,https://doi.org/10.1021/acs.biomac.6b00441,105.2,72.7,75.7,84.4,75.7,62.7,,,,,,,,,,,,,,,,,
87, ccmrd_102 , Glcp , Cellulose ,https://doi.org/10.1021/acs.biomac.6b00441,105.2,74.2,74.2,83.6,75.5,61.6,,,,,,,,,,,,,,,,,
88, ccmrd_103 , Glcp , Cellulose ,https://doi.org/10.1021/acs.biomac.6b00441,105.4,73.2,74.7,85.4,74.7,63.8,,,,,,,,,,,,,,,,,
89, ccmrd_104 , Araf , Arabinan ,https://doi.org/10.1021/acs.biomac.7b00888,107.1,87.7,,,,,,,,,,,,,,,,,,,,,
90, ccmrd_105 , Araf , Arabinan ,https://doi.org/10.1021/acs.biomac.7b00888,107.0,85.8,,,,,,,,,,,,,,,,,,,,,
91, ccmrd_106 , Araf , Arabinan ,https://doi.org/10.1021/acs.biomac.7b00888,108.2,81.8,77.7,83.1,67.6,,,,,,,,,,,,,,,,,,
92, ccmrd_107 , Araf , Arabinan ,https://doi.org/10.1021/acs.biomac.7b00888,107.7,82.3,77.4,84.5,62.0,,,,,,,,,,,,,,,,,,
93, ccmrd_108 , Araf , Arabinan ,https://doi.org/10.1021/acs.biomac.7b00888,108.2,80.1,,,,,,,,,,,,,,,,,,,,,
94, ccmrd_109 , Araf , Arabinan ,https://doi.org/10.1021/acs.biomac.7b00888,108.5,88.0,,,,,,,,,,,,,,,,,,,,,
95, ccmrd_110 , Araf , Arabinan ,https://doi.org/10.1021/acs.biomac.7b00888,108.6,87.4,,,,,,,,,,,,,,,,,,,,,
96, ccmrd_111 , Araf , Arabinan ,https://doi.org/10.1021/acs.biomac.7b00888,109.9,82.0,,,,,,,,,,,,,,,,,,,,,
97, ccmrd_113 , Galp , Galactan ,https://doi.org/10.1021/acs.biomac.7b00888,105.1,72.8,74.0,78.4,75.2,61.5,,,,,,,,,,,,,,,,,
98, ccmrd_114 , Galp , Galactan ,https://doi.org/10.1021/acs.biomac.7b00888,105.2,72.0,73.4,69.5,75.6,61.7,,,,,,,,,,,,,,,,,
99, ccmrd_115 , Galp , Galactan ,https://doi.org/10.1021/acs.biomac.7b00888,104.1,72.6,,,,,,,,,,,,,,,,,,,,,
100, ccmrd_116 , Galp , Galactan ,https://doi.org/10.1021/acs.biomac.7b00888,103.3,73.8,,,,,,,,,,,,,,,,,,,,,
101, ccmrd_117 , Galp , Galactan ,https://doi.org/10.1021/acs.biomac.7b00888,104.1,71.4,,,,,,,,,,,,,,,,,,,,,
102, ccmrd_118 , Galp , Galactan ,https://doi.org/10.1021/acs.biomac.7b00888,103.9,70.7,,,,,,,,,,,,,,,,,,,,,
103, ccmrd_119 , (1-4)αDGalpA(1-2)αLRhap , Rhamnogalacturonan ,https://doi.org/10.1021/acs.biomac.7b00888,,,,,69.7,17.3,,,,,,,,,,,,,,,,,
104, ccmrd_120 , (1-4)αDGalpA(1-2)αLRhap , Rhamnogalacturonan ,https://doi.org/10.1021/acs.biomac.7b00888,,,,,67.9,16.7,,,,,,,,,,,,,,,,,
105, ccmrd_121 , (1-4)αDGalpA(1-2)αLRhap , Rhamnogalacturonan ,https://doi.org/10.1021/acs.biomac.7b00888,,79.8,71.0,72.6,68.1,16.0,,,,,,,,,,,,,,,,,
106, ccmrd_122 , (1-4)αDGalpA(1-2)αLRhap , Rhamnogalacturonan ,https://doi.org/10.1021/acs.biomac.7b00888,,,,,68.4,17.4,,,,,,,,,,,,,,,,,
107, ccmrd_123 , (1-4)αDGalpA(1-2)αLRhap , Rhamnogalacturonan ,https://doi.org/10.1021/acs.biomac.7b00888,99.8,69.0,69.7,78.5,72.1,,,,,,,,,,,,,,,,,,
108, ccmrd_124 , (1-4)αDGalpA(1-2)αLRhap , Rhamnogalacturonan ,https://doi.org/10.1021/acs.biomac.7b00888,101.0,68.6,71.3,,,,,,,,,,,,,,,,,,,,
109, ccmrd_125 , (1-4)αDGalpA(1-2)αLRhap , Rhamnogalacturonan ,https://doi.org/10.1021/acs.biomac.7b00888,100.1,69.5,,,,,,,,,,,,,,,,,,,,,
110, ccmrd_126 , (1-4)αDGalpA(1-2)αLRhap , Rhamnogalacturonan ,https://doi.org/10.1021/acs.biomac.7b00888,98.8,67.8,72.4,77.8,71.2,171.5,,,,,,,,,,,,,,,,,
111, ccmrd_127 , (1-4)αDGalpA(1-2)αLRhap , Rhamnogalacturonan ,https://doi.org/10.1021/acs.biomac.7b00888,98.2,68.7,69.7,78.5,72.1,,,,,,,,,,,,,,,,,,
112, ccmrd_128 , Araf , Arabinan ,https://doi.org/10.1104/pp.17.01270,107.2,87.8,76.2,82.4,67.3,,,,,,,,,,,,,,,,,,
113, ccmrd_129 , Araf , Arabinan ,https://doi.org/10.1104/pp.17.01270,107.2,85.8,81.1,81.9,67.0,,,,,,,,,,,,,,,,,,
114, ccmrd_130 , Araf , Arabinan ,https://doi.org/10.1104/pp.17.01270,108.4,81.8,77.8,83.1,67.8,,,,,,,,,,,,,,,,,,
115, ccmrd_131 , Araf , Arabinan ,https://doi.org/10.1104/pp.17.01270,107.7,82.2,77.5,84.9,62.1,,,,,,,,,,,,,,,,,,
116, ccmrd_132 , Araf , Arabinan ,https://doi.org/10.1104/pp.17.01270,108.3,80.1,,,,,,,,,,,,,,,,,,,,,
117, ccmrd_133 , Araf , Arabinan ,https://doi.org/10.1104/pp.17.01270,108.5,88.0,,,,,,,,,,,,,,,,,,,,,
118, ccmrd_134 , Araf , Arabinan ,https://doi.org/10.1104/pp.17.01270,109.9,82.0,,,,,,,,,,,,,,,,,,,,,
119, ccmrd_135 , [aDXylp(1-6)](1-4)bDGlcp , Xyloglucan ,https://doi.org/10.1104/pp.17.01270,99.7,72.5,74.0,70.4,62.4,,,,,,,,,,,,,,,,,,
120, ccmrd_136 , Galp , Galactan ,https://doi.org/10.1104/pp.17.01270,105.2,72.8,74.3,78.5,75.3,61.7,,,,,,,,,,,,,,,,,
121, ccmrd_137 , Galp , Galactan ,https://doi.org/10.1104/pp.17.01270,105.0,72.3,73.7,69.6,75.8,61.9,,,,,,,,,,,,,,,,,
122, ccmrd_138 , Galp , Galactan ,https://doi.org/10.1104/pp.17.01270,104.2,72.5,,,,,,,,,,,,,,,,,,,,,
123, ccmrd_139 , Galp , Galactan ,https://doi.org/10.1104/pp.17.01270,103.4,73.6,,,,,,,,,,,,,,,,,,,,,
124, ccmrd_140 , Galp , Galactan ,https://doi.org/10.1104/pp.17.01270,104.2,71.6,,,,,,,,,,,,,,,,,,,,,
125, ccmrd_141 , Galp , Galactan ,https://doi.org/10.1104/pp.17.01270,,72.5,70.2,,,,,,,,,,,,,,,,,,,,
126, ccmrd_142 , (1-4)αDGalpA(1-2)αLRhap , Rhamnogalacturonan ,https://doi.org/10.1104/pp.17.01270,,,,,68.7,17.8,,,,,,,,,,,,,,,,,
127, ccmrd_143 , (1-4)αDGalpA(1-2)αLRhap , Rhamnogalacturonan ,https://doi.org/10.1104/pp.17.01270,,,,,70.1,17.4,,,,,,,,,,,,,,,,,
128, ccmrd_144 , (1-4)αDGalpA(1-2)αLRhap , Rhamnogalacturonan ,https://doi.org/10.1104/pp.17.01270,,,,,67.9,16.8,,,,,,,,,,,,,,,,,
129, ccmrd_145 , (1-4)αDGalpA(1-2)αLRhap , Rhamnogalacturonan ,https://doi.org/10.1104/pp.17.01270,,79.8,71.0,72.7,68.0,16.1,,,,,,,,,,,,,,,,,
130, ccmrd_146 , (1-4)αDGalpA(1-2)αLRhap , Rhamnogalacturonan ,https://doi.org/10.1104/pp.17.01270,99.9,69.0,69.8,78.8,71.3,171.6,,,,,,,,,,,,,,,,,
131, ccmrd_147 , (1-4)αDGalpA(1-2)αLRhap , Rhamnogalacturonan ,https://doi.org/10.1104/pp.17.01270,101.0,68.7,,,72.1,175.8,,,,,,,,,,,,,,,,,
132, ccmrd_148 , (1-4)αDGalpA(1-2)αLRhap , Rhamnogalacturonan ,https://doi.org/10.1104/pp.17.01270,101.7,68.6,,,,,,,,,,,,,,,,,,,,,
133, ccmrd_149 , (1-4)αDGalpA(1-2)αLRhap , Rhamnogalacturonan ,https://doi.org/10.1104/pp.17.01270,101.0,66.8,,,,,,,,,,,,,,,,,,,,,
134, ccmrd_150 , (1-4)αDGalpA(1-2)αLRhap , Rhamnogalacturonan ,https://doi.org/10.1104/pp.17.01270,100.2,69.3,,,,,,,,,,,,,,,,,,,,,
135, ccmrd_151 , (1-4)αDGalpA(1-2)αLRhap , Rhamnogalacturonan ,https://doi.org/10.1104/pp.17.01270,100.1,68.9,71.1,,,,,,,,,,,,,,,,,,,,
136, ccmrd_152 , (1-4)αDGalpA(1-2)αLRhap , Rhamnogalacturonan ,https://doi.org/10.1104/pp.17.01270,99.1,67.9,,,,,,,,,,,,,,,,,,,,,
137, ccmrd_153 , (1-4)αDGalpA(1-2)αLRhap , Rhamnogalacturonan ,https://doi.org/10.1104/pp.17.01270,99.0,68.6,,,,,,,,,,,,,,,,,,,,,
138, ccmrd_154 , (1-4)αDGalpA(1-2)αLRhap , Rhamnogalacturonan ,https://doi.org/10.1104/pp.17.01270,98.4,68.8,,,,,,,,,,,,,,,,,,,,,
139, ccmrd_155 , Glcp , Cellulose ,https://doi.org/10.1046/j.1365-313X.2002.01327.x,105.2,72.3,73.9,84.0,75.5,,,,,,,,,,,,,,,,,,
140, ccmrd_156 , Glcp , Cellulose ,https://doi.org/10.1046/j.1365-313X.2002.01327.x,,,,,,65.5,,,,,,,,,,,,,,,,,
141, ccmrd_157 , Glcp , Cellulose ,https://doi.org/10.1046/j.1365-313X.2002.01327.x,,,,,,62.8,,,,,,,,,,,,,,,,,
142, ccmrd_158 , Glcp , Cellulose ,https://doi.org/10.1046/j.1365-313X.2002.01327.x,,,,,,61.5,,,,,,,,,,,,,,,,,
143, ccmrd_159 , Glcp , Cellulose ,https://doi.org/10.1046/j.1365-313X.2002.01327.x,105.0,72.8,74.4,84.0,75.7,65.0,,,,,,,,,,,,,,,,,
144, ccmrd_160 , Glcp , Cellulose ,https://doi.org/10.1046/j.1365-313X.2002.01327.x,,,,,,62.8,,,,,,,,,,,,,,,,,
145, ccmrd_161 , Glcp , Cellulose ,https://doi.org/10.1046/j.1365-313X.2002.01327.x,,,,,,61.4,,,,,,,,,,,,,,,,,
146, ccmrd_162 , Araf , Arabinan ,https://doi.org/10.1111/j.1399-3054.2006.00591.x,109.0,,,,,,,,,,,,,,,,,,,,,,
147, ccmrd_163 , Glcp , Cellulose ,https://doi.org/10.1111/j.1399-3054.2006.00591.x,,,,84.0,,,,,,,,,,,,,,,,,,,
148, ccmrd_164 , Glcp , Cellulose ,https://doi.org/10.1111/j.1399-3054.2006.00591.x,,,,89.0,,,,,,,,,,,,,,,,,,,
149, ccmrd_165 , GalpA , Homogalacturonan ,https://doi.org/10.1111/j.1399-3054.2006.00591.x,,69.0,,,,,,,,,,,,,,,,,,,,,
150, ccmrd_166 , Glcp , Cellulose ,https://doi.org/10.1093/jxb/erh065,105.0,72.0,75.0,84.0,75.0,62.0,,,,,,,,,,,,,,,,,
151, ccmrd_167 , Glcp , Cellulose ,https://doi.org/10.1093/jxb/erh065,105.0,72.0,75.0,89.0,72.0,65.0,,,,,,,,,,,,,,,,,
152, ccmrd_168 , GalpA , Homogalacturoran ,https://doi.org/10.1093/jxb/erh065,101.0,69.0,75.0,80.0,75.0,,,,,,,,,,,,,,,,,,
153, ccmrd_169 , [aDXylp(1-6)](1-4)bDGlcp , Xyloglucan ,https://doi.org/10.1093/jxb/erh065,105.0,72.0,75.0,84.0,75.0,62.0,,,,,,,,,,,,,,,,,
154, ccmrd_170 , [aDXylp(1-6)](1-4)bDGlcp , Xyloglucan ,https://doi.org/10.1093/jxb/erh065,105.0,72.0,75.0,80.0,75.0,62.0,,,,,,,,,,,,,,,,,
155, ccmrd_171 , Glcp , Cellulose ,https://doi.org/10.1104/pp.90.3.783,101.0,72.0,72.0,83.0,72.0,62.0,,,,,,,,,,,,,,,,,
156, ccmrd_172 , Glcp , Cellulose ,https://doi.org/10.1021/bi501552k,105.0,72.7,75.5,88.8,72.0,65.2,,,,,,,,,,,,,,,,,
157, ccmrd_173 , Glcp , Cellulose ,https://doi.org/10.1021/bi501552k,105.1,72.2,74.1,88.6,72.2,64.7,,,,,,,,,,,,,,,,,
158, ccmrd_174 , Glcp , Cellulose ,https://doi.org/10.1021/bi501552k,105.2,72.4,74.5,88.9,72.7,65.0,,,,,,,,,,,,,,,,,
159, ccmrd_175 , Glcp , Cellulose ,https://doi.org/10.1021/bi501552k,104.1,72.2,75.0,87.9,70.8,65.6,,,,,,,,,,,,,,,,,
160, ccmrd_176 , Glcp , Cellulose ,https://doi.org/10.1021/bi501552k,104.1,72.1,74.8,88.1,71.3,65.7,,,,,,,,,,,,,,,,,
161, ccmrd_177 , Glcp , Cellulose ,https://doi.org/10.1021/bi501552k,105.0,72.7,75.3,85.0,75.3,62.5,,,,,,,,,,,,,,,,,
162, ccmrd_178 , Glcp , Cellulose ,https://doi.org/10.1021/bi501552k,105.2,72.4,74.5,84.2,75.5,62.7,,,,,,,,,,,,,,,,,
163, ccmrd_179 , Xylp , Xylan ,https://doi.org/10.1021/bi501552k,102.9,73.5,74.3,77.3,63.7,,,,,,,,,,,,,,,,,,
164, ccmrd_180 , Xylp , Xylan ,https://doi.org/10.1021/bi501552k,102.4,73.7,75.0,77.4,63.8,,,,,,,,,,,,,,,,,,
165, ccmrd_181 , Xylp , Xylan ,https://doi.org/10.1021/bi501552k,101.0,69.5,72.9,82.2,64.3,,,,,,,,,,,,,,,,,,
166, ccmrd_182 , Xylp , Xylan ,https://doi.org/10.1021/bi501552k,,,,81.7,,,,,,,,,,,,,,,,,,,
167, ccmrd_183 , Xylp , Xylan ,https://doi.org/10.1021/bi501552k,,,,83.5,,,,,,,,,,,,,,,,,,,
168, ccmrd_184 , GalpA , Homogalacturonan ,https://doi.org/10.1021/bi501552k,,,,,71.4,171.3,,,,,,,,,,,,,,,,,
169, ccmrd_185 , GalpA , Homogalacturonan ,https://doi.org/10.1021/bi501552k,,,,,71.7,172.1,,,,,,,,,,,,,,,,,
170, ccmrd_186 , GalpA , Homogalacturonan ,https://doi.org/10.1021/bi501552k,,,,,72.8,176.1,,,,,,,,,,,,,,,,,
171, ccmrd_187 , GalpA , Homogalacturonan ,https://doi.org/10.1021/bi501552k,,,,,,173.2,,,,,,,,,,,,,,,,,
172, ccmrd_188 , Glcp , Cellulose ,https://doi.org/10.1038/ncomms13902,105.1,72.8,75.7,88.9,72.7,65.1,,,,,,,,,,,,,,,,,
173, ccmrd_189 , Glcp , Cellulose ,https://doi.org/10.1038/ncomms13902,105.1,72.8,75.7,84.7,75.7,62.6,,,,,,,,,,,,,,,,,
174, ccmrd_190 , Glcp , Cellulose ,https://doi.org/10.1038/ncomms13902,105.1,72.8,75.7,83.8,75.7,61.7,,,,,,,,,,,,,,,,,
175, ccmrd_191 , Xylp , Xylan ,https://doi.org/10.1038/ncomms13902,102.6,73.7,74.7,77.4,63.9,,,,,,,,,,,,,,,,,,
176, ccmrd_192 , Xylp , Xylan ,https://doi.org/10.1038/ncomms13902,105.2,72.3,75.2,82.2,64.3,,,,,,,,,,,,,,,,,,
177, ccmrd_193 , GalpA , Homogalacturonan ,https://doi.org/10.1038/ncomms13902,100.8,68.6,68.7,79.4,71.4,171.5,,,,,,,,,,,,,,,,,
178, ccmrd_194 , GalpA , Homogalacturonan ,https://doi.org/10.1038/ncomms13902,,,,,72.8,176.1,,,,,,,,,,,,,,,,,
179, ccmrd_195 , [aDXylp(1-6)](1-4)bDGlcp , Xyloglucan ,https://doi.org/10.1038/ncomms13902,99.8,72.7,74.1,70.7,62.6,,,,,,,,,,,,,,,,,,
180, ccmrd_196 , Glcp , Cellulose ,https://doi.org/10.1016/S0008-6215(99)00195-0,105.0,72.0,74.0,84.0,,62.0,,,,,,,,,,,,,,,,,
181, ccmrd_197 , Glcp , Cellulose ,https://doi.org/10.1016/S0008-6215(99)00195-0,105.0,72.0,74.0,89.0,,65.0,,,,,,,,,,,,,,,,,
182, ccmrd_198 , Galp , Galactan ,https://doi.org/10.1016/S0008-6215(99)00195-0,105.0,,,,,62.0,,,,,,,,,,,,,,,,,
183, ccmrd_199 , Glcp , Cellulose ,https://doi.org/10.1023/B:CELL.0000014768.28924.0c,105.0,,,,89.4,,,,,,,,,,,,,,,,,,
184, ccmrd_200 , Glcp , Cellulose ,https://doi.org/10.1023/B:CELL.0000014768.28924.0c,105.0,,,,84.9,,,,,,,,,,,,,,,,,,
185, ccmrd_201 , Glcp , Cellulose ,https://doi.org/10.1023/B:CELL.0000014768.28924.0c,105.0,,,,84.0,,,,,,,,,,,,,,,,,,
186, ccmrd_202 , (1-4)bDManppA(1-4)bDGlcp , Glucomannan ,https://doi.org/10.1023/B:CELL.0000014768.28924.0c,102.0,,,82.5,,,,,,,,,,,,,,,,,,,
187, ccmrd_203 , Xylp , Xylan ,https://doi.org/10.1023/A:1013195030404,102.0,72.9,74.7,74.7,63.4,,,,,,,,,,,,,,,,,,
188, ccmrd_204 , Xylp , Xylan ,https://doi.org/10.1023/A:1013195030404,101.4,74.3,74.3,74.3,62.9,,,,,,,,,,,,,,,,,,
189, ccmrd_205 , Xylp , Xylan ,https://doi.org/10.1023/A:1013195030404,102.2,73.2,75.2,77.2,62.6,,,,,,,,,,,,,,,,,,
190, ccmrd_206 , Xylp , Xylan ,https://doi.org/10.1023/A:1013195030404,102.1,74.4,74.4,74.4,63.7,,,,,,,,,,,,,,,,,,
191, ccmrd_209 , Glcp , Cellulose ,https://doi.org/10.1016/j.carbpol.2010.08.049,104.9,74.6,74.6,88.5,74.6,64.7,,,,,,,,,,,,,,,,,
192, ccmrd_210 , Glcp , Cellulose ,https://doi.org/10.1016/j.carbpol.2010.08.049,104.9,,,83.4,,62.4,,,,,,,,,,,,,,,,,
193, ccmrd_211 , Glcp , Cellulose ,https://doi.org/10.1007/s10570-005-9025-0,105.0,70.1,73.9,89.1,72.6,65.2,,,,,,,,,,,,,,,,,
194, ccmrd_212 , Glcp , Cellulose ,https://doi.org/10.1007/s10570-005-9025-0,105.0,71.6,74.7,90.0,70.1,65.2,,,,,,,,,,,,,,,,,
195, ccmrd_213 , Glcp , Cellulose ,https://doi.org/10.1007/s10570-005-9025-0,106.1,71.3,74.9,88.0,70.6,65.6,,,,,,,,,,,,,,,,,
196, ccmrd_214 , Glcp , Cellulose ,https://doi.org/10.1007/s10570-005-9025-0,104.0,71.0,74.2,88.9,72.2,65.0,,,,,,,,,,,,,,,,,
197, ccmrd_215 , Glcp , Cellulose ,https://doi.org/10.1021/ma030465k,107.1,72.8,75.1,87.5,74.3,62.6,,,,,4.2,,,3.8,,3.6,,,,,,,
198, ccmrd_216 , Glcp , Cellulose ,https://doi.org/10.1021/ma030465k,105.0,74.8,76.5,88.7,71.7,63.0,,,,,4.4,,3.4,3.8,,3.2,,,,,,,
199, ccmrd_217 , Glcp , Cellulose ,https://doi.org/10.1021/ma030465k,106.1,71.3,74.9,88.0,70.6,65.6,,,,,4.5,,3.2,3.4,,4.5,,,,,,,
200, ccmrd_218 , Glcp , Cellulose ,https://doi.org/10.1021/ma030465k,104.0,71.0,74.2,88.9,72.2,65.0,,,,,4.9,,3.8,3.1,3.7,3.9,,,,,,,
201, ccmrd_219 , Glcp , Cellulose ,https://doi.org/10.1021/ma021015f,,72.6,76.5,90.8,72.6,,,,,,,,,,,,,,,,,,
202, ccmrd_220 , Glcp , Cellulose ,https://doi.org/10.1021/ma021015f,105.9,,76.0,90.0,73.0,66.9,,,,,,,,,,,,,,,,,
203, ccmrd_221 , Glcp , Cellulose ,https://doi.org/10.1021/ma021015f,106.0,75.3,77.7,89.6,74.6,64.0,,,,,,,,,,,,,,,,,
204, ccmrd_222 , Glcp , Cellulose ,https://doi.org/10.1021/ja010705g,102.4,76.2,76.2,80.3,72.9,62.5,,,,,,,,,,,,,,,,,
205, ccmrd_223 , Glcp , Cellulose ,https://doi.org/10.1021/ja010705g,100.4,73.5,75.8,80.1,75.8,65.2,,,,,,,,,,,,,,,,,
206, ccmrd_224 , Glcp , Cellulose ,https://doi.org/10.1021/ja010705g,,76.6,74.8,78.7,,67.3,,,,,,,,,,,,,,,,,
207, ccmrd_225 , GlcpNAc , Chitin ,https://doi.org/10.1002/bip.20124,104.0,54.8,73.4,82.9,75.6,60.6,173.0,22.6,,,4.6,3.3,3.1,3.0,3.0,3.1,,1.1,,,,,
208, ccmrd_226 , GlcpNAc , Chitin ,https://doi.org/10.1002/bip.20124,104.1,55.2,74.2,83.4,73.6,60.8,173.6,22.8,,,3.7,3.3,3.1,3.1,3.1,3.0,,1.5,,,,,
209, ccmrd_227 , Glcp , Cellulose ,https://doi.org/10.1021/ma021769u,105.0,71.6,74.7,90.0,70.1,65.2,,,,,4.0,,3.2,3.1,,2.9,,,,,,,
210, ccmrd_228 , Glcp , Cellulose ,https://doi.org/10.1021/ma021769u,105.0,70.1,73.9,89.1,72.6,65.2,,,,,4.0,,3.5,3.4,3.4,2.9,,,,,,,
211, ccmrd_229 , Glcp , Cellulose ,https://doi.org/10.1021/ma021769u,106.1,71.3,74.9,88.0,70.6,65.6,,,,,4.5,,3.2,3.4,,4.5,,,,,,,
212, ccmrd_230 , Glcp , Cellulose ,https://doi.org/10.1021/ma021769u,104.0,71.0,74.2,88.9,72.2,65.0,,,,,4.9,,3.8,3.1,3.7,3.9,,,,,,,
213, ccmrd_231 , Glcp , Cellulose ,https://doi.org/10.1016/S1389-1723(03)70132-7,107.0,73.4,79.4,86.4,78.3,63.8,,,,,,,,,,,,,,,,,
214, ccmrd_232 , Glcp , Cellulose ,https://doi.org/10.1021/ja010704o,106.9,73.6,76.2,91.6,74.4,65.0,,,,,,,,,,,,,,,,,
215, ccmrd_233 , Glcp , Cellulose ,https://doi.org/10.1021/ja010704o,,72.6,76.5,90.8,72.6,,,,,,,,,,,,,,,,,,
216, ccmrd_234 , Glcp , Cellulose ,https://doi.org/10.1021/ja010704o,107.6,73.2,76.8,90.6,74.2,67.5,,,,,,,,,,,,,,,,,
217, ccmrd_235 , Glcp , Cellulose ,https://doi.org/10.1021/ja010704o,105.9,,76.0,90.0,73.0,66.9,,,,,,,,,,,,,,,,,
218, ccmrd_236 , GlcpNAc , Chitin ,https://doi.org/10.1016/j.ijbiomac.2014.06.013,,,76.0,,74.0,,173.0,21.0,,,,,,,,,,,,,,,
219, ccmrd_237 , GlcpN , Chitosan ,https://doi.org/10.1016/j.ijbiomac.2014.06.013,104.6,55.7,74.0,83.6,76.1,61.5,,,,,,,,,,,,,,,,,
220, ccmrd_238 , GlcpNAc , Chitin ,https://doi.org/10.1016/j.ssnmr.2018.11.001,106.5,57.9,76.5,85.8,77.9,63.6,175.0,25.7,,121.2,,,,,,,,,,,,,
221, ccmrd_239 , GlcpNAc , Chitin ,https://doi.org/10.1016/j.ssnmr.2018.11.001,,,,,,,,,,125.0,,,,,,,,,,,,,
222, ccmrd_240 , Glcp , Cellulose ,https://doi.org/10.1007/s10570-019-02330-2,105.3,72.6,75.1,83.9,72.6,63.0,,,,,,,,,,,,,,,,,
223, ccmrd_241 , Glcp , Cellulose ,https://doi.org/10.1007/s10570-019-02330-2,105.3,72.6,75.1,89.7,72.6,65.7,,,,,,,,,,,,,,,,,
224, ccmrd_242 , Glcp , Cellulose ,https://doi.org/10.1007/s10570-019-02330-2,105.2,72.4,74.3,83.8,74.3,63.3,,,,,,,,,,,,,,,,,
225, ccmrd_243 , Glcp , Cellulose ,https://doi.org/10.1007/s10570-019-02330-2,105.2,72.4,74.3,89.4,72.4,65.3,,,,,,,,,,,,,,,,,
226, ccmrd_244 , Glcp , Cellulose ,https://doi.org/10.1007/s10570-019-02330-2,105.4,72.3,74.8,82.7,74.8,,,,,,,,,,,,,,,,,,
227, ccmrd_245 , Glcp , Cellulose ,https://doi.org/10.1007/s10570-019-02330-2,105.4,72.3,74.8,89.3,72.3,65.3,,,,,,,,,,,,,,,,,
228, ccmrd_246 , Glcp , Cellulose ,https://doi.org/10.1007/s10570-019-02330-2,105.0,72.4,74.3,84.3,72.4,63.0,,,,,,,,,,,,,,,,,
229, ccmrd_247 , Glcp , Cellulose ,https://doi.org/10.1007/s10570-019-02330-2,105.0,72.4,74.3,89.8,72.4,65.4,,,,,,,,,,,,,,,,,
230, ccmrd_248 , Glcp , Cellulose ,https://doi.org/10.1007/s10570-019-02330-2,,73.7,73.7,,73.7,62.2,,,,,,,,,,,,,,,,,
231, ccmrd_249 , Glcp , Cellulose ,https://doi.org/10.1002/bip.360341207,103.2,73.7,85.0,,76.2,,,,,,,,,,,,,,,,,,
232, ccmrd_250 , Glcp , Cellulose ,https://doi.org/10.1002/bip.360341207,102.4,75.2,78.6,,76.2,,,,,,,,,,,,,,,,,,
233, ccmrd_251 , Glcp , Cellulose ,https://doi.org/10.1002/bip.360341207,100.9,,,,,,,,,,,,,,,,,,,,,,
234, ccmrd_252 , Glcp , Cellulose ,https://doi.org/10.1002/bip.360341207,99.9,,,,,,,,,,,,,,,,,,,,,,
235, ccmrd_253 , Glcp , Cellulose ,https://doi.org/10.1002/bip.360341207,98.5,,,,,,,,,,,,,,,,,,,,,,
236, ccmrd_254 , Glcp , Cellulose ,https://doi.org/10.1002/bip.360341207,,,,71.6,,,,,,,,,,,,,,,,,,,
237, ccmrd_255 , Glcp , Cellulose ,https://doi.org/10.1002/bip.360341207,,,,71.0,,,,,,,,,,,,,,,,,,,
238, ccmrd_256 , Glcp , Cellulose ,https://doi.org/10.1002/bip.360341207,,,,70.6,,,,,,,,,,,,,,,,,,,
239, ccmrd_257 , Glcp , Cellulose ,https://doi.org/10.1002/bip.360341207,,,,68.6,,,,,,,,,,,,,,,,,,,
240, ccmrd_258 , Glcp , Cellulose ,https://doi.org/10.1002/bip.360341207,,,,,,67.3,,,,,,,,,,,,,,,,,
241, ccmrd_259 , Glcp , Cellulose ,https://doi.org/10.1002/bip.360341207,,,,,,66.5,,,,,,,,,,,,,,,,,
242, ccmrd_260 , Glcp , Cellulose ,https://doi.org/10.1002/bip.360341207,,,,,,61.5,,,,,,,,,,,,,,,,,
243, ccmrd_261 , xylp , Xylan ,https://doi.org/10.1038/s41467-018-08252-0,105.1,72.5,73.5,82.3,64.6,,,,,,,,,,,,,,,,,,
244, ccmrd_262 , Xylp , Xylan ,https://doi.org/10.1038/s41467-018-08252-0,102.5,73.5,74.5,78.0,62.5,,,,,,,,,,,,,,,,,,
245, ccmrd_263 , UNK , Unknown ,https://doi.org/10.1038/s41467-018-05199-0,102.3,71.0,,,,,,,,,,,,,,,,,,,,,
246, ccmrd_264 , UNK , Unknown ,https://doi.org/10.1038/s41467-018-05199-0,100.9,69.5,,,,,,,,,,,,,,,,,,,,,
247, ccmrd_265 , UNK , Unknown ,https://doi.org/10.1021/bi500231b,104.0,70.9,81.0,69.3,,,,,,,,,,,,,,,,,,,
248, ccmrd_266 , [aDXylp(1-6)](1-4)bDGlcp , Xyloglucan ,https://doi.org/10.1021/acs.biomac.7b00888,99.6,72.3,74.3,70.2,62.3,,,,,,,,,,,,,,,,,,
249, ccmrd_267 , [aDXylp(1-6)](1-4)bDGlcp , Xyloglucan ,https://doi.org/10.1021/acs.biomac.7b00888,99.0,72.5,,69.3,62.4,,,,,,,,,,,,,,,,,,
250, ccmrd_268 , Glcp , Amylopectin ,https://doi.org/10.3390/ijms19123817,101.8,73.6,,,,,,,,,,,,,,,,,,,,,
251, ccmrd_269 , Glcp , Amylopectin ,https://doi.org/10.3390/ijms19123817,100.6,72.5,74.2,77.9,71.9,61.6,,,,,,,,,,,,,,,,,
252, ccmrd_270 , Glcp , Amylopectin ,https://doi.org/10.3390/ijms19123817,99.1,71.9,,,,,,,,,,,,,,,,,,,,,
253, ccmrd_271 , Glcp , Amylopectin ,https://doi.org/10.3390/ijms19123817,100.5,72.3,73.7,70.4,73.7,61.1,,,,,,,,,,,,,,,,,
254, ccmrd_272 , Glcp , Retrograded starch ,https://doi.org/10.3390/ijms19123817,100.9,72.1,74.1,77.7,72.4,61.0,,,,,,,,,,,,,,,,,
255, ccmrd_273 , Glcp , Retrograded starch ,https://doi.org/10.3390/ijms19123817,100.1,72.8,74.1,77.7,71.5,61.6,,,,,,,,,,,,,,,,,
256, ccmrd_274 , Glcp , Retrograded starch ,https://doi.org/10.3390/ijms19123817,100.1,72.2,73.5,70.4,73.5,61.5,,,,,,,,,,,,,,,,,
257, ccmrd_275 , Glcp , Amylose ,https://doi.org/10.3390/ijms19123817,100.8,73.5,74.1,77.8,71.8,61.4,,,,,,,,,,,,,,,,,
258, ccmrd_276 , Glcp , Amylose ,https://doi.org/10.3390/ijms19123817,100.8,72.5,74.1,77.8,71.8,61.4,,,,,,,,,,,,,,,,,
259, ccmrd_277 , Glcp , Amylose ,https://doi.org/10.3390/ijms19123817,99.9,71.6,74.1,77.8,71.8,61.4,,,,,,,,,,,,,,,,,
260, ccmrd_278 , Glcp , Amylose ,https://doi.org/10.3390/ijms19123817,100.6,72.6,73.6,70.3,73.6,61.3,,,,,,,,,,,,,,,,,
261, ccmrd_279 , Glcp , Amylose ,https://doi.org/10.3390/ijms19123817,103.0,72.7,75.4,81.5,71.5,60.4,,,,,,,,,,,,,,,,,
262, ccmrd_280 , Glcp , Starch ,https://doi.org/10.3390/ijms19123817,101.5,72.1,,,,,,,,,,,,,,,,,,,,,
263, ccmrd_281 , Glcp , Starch ,https://doi.org/10.3390/ijms19123817,100.5,72.6,,,,,,,,,,,,,,,,,,,,,
264, ccmrd_282 , Glcp , Starch ,https://doi.org/10.3390/ijms19123817,99.3,71.9,,,,,,,,,,,,,,,,,,,,,
265, ccmrd_283 , Glcp , Starch ,https://doi.org/10.3390/ijms19123817,,,75.0,76.9,,,,,,,,,,,,,,,,,,,
266, ccmrd_284 , Glcp , Starch ,https://doi.org/10.3390/ijms19123817,100.4,72.4,73.6,70.2,73.6,61.4,,,,,,,,,,,,,,,,,
267, ccmrd_285 , Glcp , Starch ,https://doi.org/10.3390/ijms19123817,103.0,73.0,75.3,81.7,71.5,60.2,,,,,,,,,,,,,,,,,
268, ccmrd_286 , Glcp , Starch ,https://doi.org/10.3390/ijms19123817,92.7,72.4,74.9,76.9,70.4,61.4,,,,,,,,,,,,,,,,,
269, ccmrd_287 , Glcp , Starch ,https://doi.org/10.3390/ijms19123817,96.7,74.9,,,,,,,,,,,,,,,,,,,,,
270, ccmrd_288 , Xylp , Xylan ,https://doi.org/10.1016/S0008-6215(03)00241-6,103.4,,73.7,76.5,63.0,,,,,,,,,,,,,,,,,,
271, ccmrd_289 , Xylp , Xylan ,https://doi.org/10.1016/S0008-6215(03)00241-6,101.7,72.7,83.6,67.8,64.9,,,,,,,,,,,,,,,,,,
272, ccmrd_290 , Xylp , Xylan ,https://doi.org/10.1016/S0008-6215(03)00241-6,101.7,72.7,73.7,76.5,63.0,,,,,,,,,,,,,,,,,,
273, ccmrd_291 , Xylp , Xylan ,https://doi.org/10.1016/S0008-6215(03)00241-6,105.3,75.1,90.1,69.0,67.0,,,,,,,,,,,,,,,,,,
274, ccmrd_292 , Xylp , Xylan ,https://doi.org/10.1016/S0008-6215(03)00241-6,104.7,72.9,86.3,68.5,64.9,,,,,,,,,,,,,,,,,,
275, ccmrd_293 , Xylp , Xylan ,https://doi.org/10.1016/S0008-6215(03)00241-6,101.7,74.3,74.3,80.0,63.4,,,,,,,,,,,,,,,,,,
276, ccmrd_294 , Xylp , Xylan ,https://doi.org/10.1016/S0008-6215(03)00241-6,101.7,74.3,74.3,82.0,63.4,,,,,,,,,,,,,,,,,,
277, ccmrd_295 , Galp , Galactan ,https://doi.org/10.1016/0144-8617(89)90011-8,106.6,70.4,80.8,78.3,78.3,63.5,,,,,,,,,,,,,,,,,
278, ccmrd_296 , An-Galp , anhydrogalactose ,https://doi.org/10.1016/0144-8617(89)90011-8,95.8,70.4,80.8,80.8,78.3,70.4,,,,,,,,,,,,,,,,,
279, ccmrd_297 , Galp , Galactan ,https://doi.org/10.1016/0144-8617(89)90011-8,106.4,70.8,78.7,70.8,75.8,63.5,,,,,,,,,,,,,,,,,
280, ccmrd_298 , An-Galp , Anhydrogalactose ,https://doi.org/10.1016/0144-8617(89)90011-8,92.1,75.8,78.7,78.7,78.7,70.8,,,,,,,,,,,,,,,,,
281, ccmrd_299 , Galp , Galactan ,https://doi.org/10.1016/0144-8617(89)90011-8,99.5,70.8,80.8,76.7,76.7,63.5,,,,,,,,,,,,,,,,,
282, ccmrd_300 , Galp , Galactan ,https://doi.org/10.1016/0144-8617(89)90011-8,99.5,,,,,,,,,,,,,,,,,,,,,,
283, ccmrd_301 , Galp , Galactan ,https://doi.org/10.1016/0144-8617(89)90011-8,93.2,,,,,,,,,,,,,,,,,,,,,,
284, ccmrd_302 , An-Galp , Anhydrogalactose ,https://doi.org/10.1016/0144-8617(89)90011-8,99.5,70.8,80.8,76.7,76.7,70.8,,,,,,,,,,,,,,,,,
285, ccmrd_303 , Galp , Galactan ,https://doi.org/10.1016/0144-8617(89)90011-8,99.9,70.9,81.4,70.9,77.0,63.9,,,,,,,,,,,,,,,,,
286, ccmrd_304 , An-Galp , Anhydrogalactose ,https://doi.org/10.1016/0144-8617(89)90011-8,99.9,70.9,81.4,77.0,77.0,70.9,,,,,,,,,,,,,,,,,
287, ccmrd_305 , Galp , Galactan ,https://doi.org/10.1016/0144-8617(89)90011-8,93.0,,,,,,,,,,,,,,,,,,,,,,
288, ccmrd_306 , Galp , Galactan ,https://doi.org/10.1016/0144-8617(89)90011-8,101.7,70.9,81.2,70.9,76.9,63.5,,,,,,,,,,,,,,,,,
289, ccmrd_307 , An-Galp , Anhydrogalactose ,https://doi.org/10.1016/0144-8617(89)90011-8,101.7,70.9,81.2,76.9,76.9,70.9,,,,,,,,,,,,,,,,,
290, ccmrd_308 , Galp , Galactan ,https://doi.org/10.1007%2F978-94-009-2049-1_92,,,,69.2,73.4,71.6,,,,,,,,,,,,,,,,,
291, ccmrd_309 , An-Galp , Anhydrogalactose ,https://doi.org/10.1007%2F978-94-009-2049-1_92,,,,,78.3,,,,,,,,,,,,,,,,,,
292, ccmrd_310 , An-Galp , Anhydrogalactose ,https://doi.org/10.1007%2F978-94-009-2049-1_92,,,,,78.7,,,,,,,,,,,,,,,,,,
293, ccmrd_311 , GlcN 1P , Lipid A ,https://doi.org/10.1021/acschembio.8b00271,95.0,53.4,74.5,,,,,,,,,,,,,,,,,,,,
294, ccmrd_312 , GlcN 1P , Lipid A ,https://doi.org/10.1021/acschembio.8b00271,95.7,53.2,74.4,,,,,,,,,,,,,,,,,,,,
295, ccmrd_313 , GlcN 4P , Lipid A ,https://doi.org/10.1021/acschembio.8b00271,103.2,55.3,75.0,,,64.4,,,,,,4.3,,,,,,,,,,,
296, ccmrd_314 , Kdop , Keto-deoxyoctulosonate ,https://doi.org/10.1021/acschembio.8b00271,175.6,102.7,,,,,,,,,,,,,,,,,,,,,
297, ccmrd_315 , Kdop , Keto-deoxyoctulosonate ,https://doi.org/10.1021/acschembio.8b00271,175.3,100.8,,,,,,,,,,,,,,,,,,,,,
298, ccmrd_316 , Hepp , Heptose ,https://doi.org/10.1021/acschembio.8b00271,99.9,72.3,78.6,74.7,,,,,,,,,3.6,,,,,,,,,,
299, ccmrd_317 , Hepp , Heptose ,https://doi.org/10.1021/acschembio.8b00271,101.5,71.5,81.2,,,,,,,,,,,,,,,,,,,,
300, ccmrd_318 , Glcp , Glucose ,https://doi.org/10.1021/acschembio.8b00271,100.3,73.1,77.0,74.4,,,,,,,5.4,3.5,,,,,,,,,,,
301, ccmrd_319 , Galp , Galactose ,https://doi.org/10.1021/acschembio.8b00271,96.5,69.3,66.9,66.9,52.7,60.6,,,,,5.5,,4.2,,3.7,3.8,,,,,,,
302, ccmrd_320 , Glcp , Glucose ,https://doi.org/10.1021/acschembio.8b00271,101.1,73.1,,,,,,,,,,,,,,,,,,,,,
303, ccmrd_321 , Glcp , Glucose ,https://doi.org/10.1021/acschembio.8b00271,103.3,74.3,70.8,,,,,,,,4.5,,,,,,,,,,,,
304, ccmrd_322 , Rhap , Rhamnose ,https://doi.org/10.1021/acschembio.8b00271,102.3,71.5,,,,,,,,,,,,,,,,,,,,,
305, ccmrd_323 , MurpNAc , N-acetyl muramic acid ,https://doi.org/10.1021/acschembio.8b00271,101.3,56.9,81.0,73.6,76.0,61.7,,,,,,,,,,,,,,,,,
306, ccmrd_324 , MurpNAc , N-acetyl muramic acid ,https://doi.org/10.1021/acschembio.8b00271,102.5,56.3,80.8,73.5,76.2,61.7,,,,,4.1,,,,3.9,,,,,,,,
307, ccmrd_325 , MurpNAc , N-acetyl muramic acid ,https://doi.org/10.1021/acschembio.8b00271,101.1,56.8,73.6,,,,,,,,,,,,,,,,,,,,
308, ccmrd_326 , Kdop , Keto-deoxyoctulosonate ,https://doi.org/10.1021/acschembio.8b00271,176.3,,35.4,73.1,,,,,,,,,,,,,,,,,,,
309, ccmrd_327 , Hepp , Heptose ,https://doi.org/10.1021/acschembio.8b00271,105.3,74.6,76.8,70.6,77.0,,61.8,,,,,,,,,,,,,,,,
310, ccmrd_328 , Rhap , Rhamnose ,https://doi.org/10.1021/acschembio.8b00271,101.2,71.2,81.2,73.8,70.2,18.1,,,,,,,,,,,,,,,,,
311, ccmrd_329 , Rhap , Rhamnan ,https://doi.org/10.1021/acschembio.8b00271,101.9,79.3,73.7,71.1,70.4,17.8,,,,,5.2,4.1,3.6,,3.9,1.3,,,,,,,
312, ccmrd_330 , Rhap , Rhamnan ,https://doi.org/10.1021/acschembio.8b00271,103.3,71.1,,,,,,,,,5.0,4.2,,,,,,,,,,,
313, ccmrd_331 , Rhap , Rhamnan ,https://doi.org/10.1021/acschembio.8b00271,102.5,67.4,,,,,,,,,5.1,4.2,,,,,,,,,,,
314, ccmrd_332 , Rhap , Rhamnan ,https://doi.org/10.1021/acschembio.8b00271,,,,,,,,,,,,,,3.5,,,,,,,,,
315, ccmrd_333 , Fucp , Fucose ,https://doi.org/10.1021/acschembio.8b00271,98.4,48.7,79.1,70.9,68.1,16.5,,,,,4.9,4.1,3.9,4.0,4.0,1.1,,,,,,,
316, ccmrd_334 , ManpNAc , N-acylated mannuronic acids ,https://doi.org/10.1021/acschembio.8b00271,100.9,52.7,52.8,77.0,78.2,176.4,,,,,4.9,4.3,4.1,3.7,3.8,,,,,,,,
317, ccmrd_335 , ManpNAc , N-acylated mannuronic acids ,https://doi.org/10.1021/acschembio.8b00271,100.0,51.1,57.8,71.7,79.9,175.3,,,,,4.7,4.4,4.1,4.0,3.8,,,,,,,,
318, ccmrd_336 , Glcp , Starch ,https://doi.org/10.1007%2Fs11947-011-0699-z,103.6,73.1,73.1,82.5,73.1,62.1,,,,,,,,,,,,,,,,,
319, ccmrd_337 , Glcp , Starch ,https://doi.org/10.1007%2Fs11947-011-0699-z,102.6,73.2,73.2,82.5,73.2,62.3,,,,,,,,,,,,,,,,,
320, ccmrd_338 , Glcp , Starch ,https://doi.org/10.1007%2Fs11947-011-0699-z,103.4,73.3,73.3,82.3,73.3,62.4,,,,,,,,,,,,,,,,,
321, ccmrd_339 , Glcp , Starch ,https://doi.org/10.1007%2Fs11947-011-0699-z,103.0,73.4,73.4,82.6,73.4,62.2,,,,,,,,,,,,,,,,,
322, ccmrd_340 , Glcp , Starch ,https://doi.org/10.1007%2Fs11947-011-0699-z,103.2,73.3,73.3,82.0,73.3,62.2,,,,,,,,,,,,,,,,,
323, ccmrd_341 , Glcp , Starch ,https://doi.org/10.1007%2Fs11947-011-0699-z,103.6,73.3,73.3,82.1,73.3,62.0,,,,,,,,,,,,,,,,,
324, ccmrd_342 , Glcp , Starch ,https://doi.org/10.1007%2Fs11947-011-0699-z,103.2,73.3,73.3,82.3,73.3,62.1,,,,,,,,,,,,,,,,,
325, ccmrd_343 , Glcp , Modified microcrystalline cellulose ,https://doi.org/10.1039/C2JM32373G,105.9,71.8,71.8,89.2,71.8,65.7,,,,,,,,,,,,,,,,,
326, ccmrd_344 , Glcp , Modified microcrystalline cellulose ,https://doi.org/10.1039/C2JM32373G,171.9,72.8,72.8,89.2,72.8,65.7,,,,,,,,,,,,,,,,,
327, ccmrd_345 , Manp , Mannan ,https://doi.org/10.1021/bm0495349,102.2,,,81.0,,61.9,,,,,,,,,,,,,,,,,
328, ccmrd_346 , Manp , Mannan ,https://doi.org/10.1021/bm0495349,101.6,,,81.0,,61.9,,,,,,,,,,,,,,,,,
329, ccmrd_347 , Manp , Mannan ,https://doi.org/10.1021/bm0495349,100.6,,,81.0,,60.9,,,,,,,,,,,,,,,,,
330, ccmrd_348 , Manp , Mannan ,https://doi.org/10.1021/bm0495349,102.3,,,82.4,,62.9,,,,,,,,,,,,,,,,,
331, ccmrd_349 , Manp , Mannan ,https://doi.org/10.1021/bm0495349,100.6,,,76.9,,60.9,,,,,,,,,,,,,,,,,
332, ccmrd_350 , Manp , Mannan ,https://doi.org/10.1021/bm0495349,102.3,,,82.4,,,,,,,,,,,,,,,,,,,
333, ccmrd_351 , Manp , Mannan ,https://doi.org/10.1021/bm0495349,101.9,,,80.4,,62.5,,,,,,,,,,,,,,,,,
334, ccmrd_352 , Manp , Mannan ,https://doi.org/10.1021/bm0495349,102.3,,,81.8,,62.6,,,,,,,,,,,,,,,,,
335, ccmrd_353 , Manp , Mannan ,https://doi.org/10.1021/bm0495349,102.3,,,80.6,,62.8,,,,,,,,,,,,,,,,,
336, ccmrd_354 , Manp , Mannan ,https://doi.org/10.1021/bm0495349,102.3,,,80.6,,61.3,,,,,,,,,,,,,,,,,
337, ccmrd_355 , Manp , Mannan ,https://doi.org/10.1021/bm0495349,101.7,,,81.0,,61.9,,,,,,,,,,,,,,,,,
338, ccmrd_356 , Manp , Mannan ,https://doi.org/10.1021/bm0495349,101.6,,,78.3,,60.9,,,,,,,,,,,,,,,,,
339, ccmrd_357 , Manp , Mannan ,https://doi.org/10.1021/bm0495349,100.5,,,76.8,,59.4,,,,,,,,,,,,,,,,,
340, ccmrd_358 , Manp , Mannan ,https://doi.org/10.1021/bm0495349,101.5,,,78.3,,60.8,,,,,,,,,,,,,,,,,
341, ccmrd_359 , Manp , Mannan ,https://doi.org/10.1021/bm0495349,101.5,,,78.3,,59.3,,,,,,,,,,,,,,,,,
342, ccmrd_360 , Manp , Mannan ,https://doi.org/10.1021/bm0495349,103.2,,,78.6,,58.2,,,,,,,,,,,,,,,,,
343, ccmrd_361 , Manp , Mannan ,https://doi.org/10.1021/bm0495349,100.5,,,76.8,,60.9,,,,,,,,,,,,,,,,,
344, ccmrd_362 , Glcp , Starch ,https://doi.org/10.1002/app.36703,101.6,72.5,72.5,81.8,72.5,61.8,,,,,,,,,,,,,,,,,
345, ccmrd_363 , Glcp , Starch ,https://doi.org/10.1021/jf025776t,102.1,72.2,72.2,80.8,72.2,61.9,,,,,,,,,,,,,,,,,
346, ccmrd_364 , Glcp , Starch ,https://doi.org/10.1021/jf025776t,102.4,74.7,74.7,81.0,77.3,61.2,,,,,,,,,,,,,,,,,
347, ccmrd_365 , Glcp , Starch ,https://doi.org/10.1038/pj.2010.48,103.0,74.0,74.0,83.0,74.0,62.0,,,,,,,,,,,,,,,,,
348, ccmrd_366 , Glcp , Cellulose ,https://doi.org/10.1016/j.carbpol.2016.05.107,107.2,72.9,73.5,87.7,75.0,62.5,,,,,,,,,,,,,,,,,
349, ccmrd_367 , Glcp , Cellulose ,https://doi.org/10.1016/j.carbpol.2016.05.107,105.1,74.8,76.8,88.9,72.0,63.2,,,,,,,,,,,,,,,,,
350, ccmrd_368 , Glcp , Cellulose ,https://doi.org/10.1016/j.carbpol.2016.05.107,106.4,72.8,73.4,86.2,75.9,61.7,,,,,,,,,,,,,,,,,
351, ccmrd_369 , Glcp , Cellulose ,https://doi.org/10.1016/j.carbpol.2016.05.107,103.3,73.7,74.5,84.8,74.5,61.3,,,,,,,,,,,,,,,,,
352, ccmrd_370 , Glcp , Cellulose ,https://doi.org/10.1021/ma00138a009,105.0,,75.0,89.0,75.0,65.0,,,,,,,,,,,,,,,,,
353, ccmrd_371 , Glcp , Cellulose ,https://doi.org/10.1021/ma00138a009,105.0,,72.0,84.0,,61.0,,,,,,,,,,,,,,,,,
354, ccmrd_372 , Glcp , Cellulose ,https://doi.org/10.1021/ja0292389,106.6,76.6,78.3,90.5,73.7,64.7,,,,,,,,,,,,,,,,,
355, ccmrd_373 , Glcp , Cellulose ,https://doi.org/10.1021/ja0292389,108.8,74.5,77.8,89.2,77.8,64.1,,,,,,,,,,,,,,,,,
356, ccmrd_374 , Glcp , Cellulose ,https://doi.org/10.1038/pj.2012.82,105.0,71.7,74.7,89.8,70.9,65.3,,,,,,,,,,,,,,,,,
357, ccmrd_375 , Glcp , Cellulose ,https://doi.org/10.1038/pj.2012.82,103.9,70.9,,88.9,72.6,,,,,,,,,,,,,,,,,,
358, ccmrd_376 , Glcp , Cellulose ,https://doi.org/10.1038/pj.2012.82,,,,84.0,75.0,62.2,,,,,,,,,,,,,,,,,
359, ccmrd_377 , Glcp , Glucose ,https://doi.org/10.1080/07328308408058815,92.9,70.5,73.0,72.6,71.6,63.7,,,,,,,,,,,,,,,,,
360, ccmrd_378 , Glcp , Glucose ,https://doi.org/10.1080/07328308408058815,92.9,70.9,73.0,69.8,71.7,60.9,,,,,,,,,,,,,,,,,
361, ccmrd_379 , Glcp , Glucose ,https://doi.org/10.1080/07328308408058815,96.6,75.7,75.5,69.6,74.4,61.2,,,,,,,,,,,,,,,,,
362, ccmrd_380 , Glcp , Amylose ,https://doi.org/10.1021/ja00220a016,103.6,72.7,75.9,82.2,72.7,61.0,,,,,,,,,,,,,,,,,
363, ccmrd_381 , Glcp , Amylose ,https://doi.org/10.1021/ja00220a016,103.9,72.9,75.9,82.7,72.9,61.9,,,,,,,,,,,,,,,,,
364, ccmrd_382 , Glcp , Amylose ,https://doi.org/10.1021/ja00220a016,103.5,73.1,75.7,83.2,73.1,62.2,,,,,,,,,,,,,,,,,
365, ccmrd_383 , Glcp , Amylose ,https://doi.org/10.1021/ja00220a016,104.1,73.5,75.8,83.5,73.5,62.0,,,,,,,,,,,,,,,,,
366, ccmrd_384 , Glcp , Amylose ,https://doi.org/10.1021/ja00220a016,103.9,72.9,75.7,83.2,72.9,61.9,,,,,,,,,,,,,,,,,
367, ccmrd_385 , Glcp , Amylose ,https://doi.org/10.1021/ja00220a016,104.9,73.4,75.4,84.1,73.4,61.7,,,,,,,,,,,,,,,,,
368, ccmrd_386 , Glcp , Glucan ,https://doi.org/10.1021/ja00220a016,100.4,,,76.0,,62.1,,,,,,,,,,,,,,,,,
369, ccmrd_387 , Glcp , Glucan ,https://doi.org/10.1021/ja00220a016,100.4,,,76.2,,62.3,,,,,,,,,,,,,,,,,
370, ccmrd_388 , Glcp , Cyclodextrin ,https://doi.org/10.1021/ja00220a016,102.1,,,81.4,,61.6,,,,,,,,,,,,,,,,,
371, ccmrd_389 , Glcp , Cyclodextrin ,https://doi.org/10.1021/ja00220a016,102.9,,,82.1,,61.6,,,,,,,,,,,,,,,,,
372, ccmrd_390 , Glcp , Cyclodextrin ,https://doi.org/10.1021/ja00220a016,103.2,,,82.2,,61.1,,,,,,,,,,,,,,,,,
373, ccmrd_391 , GlcpNAc , Chitin ,https://doi.org/10.1021/bm000070y,104.1,55.2,73.3,83.0,75.7,60.8,173.8,22.8,,,,,,,,,,,,,,,
374, ccmrd_392 , GlcpNAc , Chitin ,https://doi.org/10.1021/bm000070y,103.5,56.6,74.7,82.4,74.7,,23.1,,,,,,,,,,,,,,,,
375, ccmrd_393 , GlcpNAc , Chitin ,https://doi.org/10.1021/bm000070y,104.7,57.6,75.0,82.4,75.0,60.1,173.6,23.2,,,,,,,,,,,,,,,
376, ccmrd_394 , GlcpNAc , Chitin ,https://doi.org/10.1021/bm000070y,104.7,56.8,74.1,,74.1,,,,,,,,,,,,,,,,,,
377, ccmrd_395 , Manp , Mannan ,https://doi.org/10.1139/v90-184,102.0,76.3,72.5,81.4,70.3,62.4,,,,,,,,,,,,,,,,,
378, ccmrd_396 , Manp , Mannan ,https://doi.org/10.1139/v90-184,102.4,75.0,72.5,83.0,70.9,62.9,,,,,,,,,,,,,,,,,
379, ccmrd_397 , Glcp , Glucan ,https://doi.org/10.1093/glycob/cwh097,103.1,72.9,86.3,68.5,76.4,61.0,,,,,,,,,,,,,,,,,
380, ccmrd_398 , GalpA , Galacturonate ,https://doi.org/10.1016/S0008-6215(00)00307-4,93.1,67.3,68.1,72.0,72.3,173.4,,,,,,,,,,,,,,,,,
381, ccmrd_399 , GalpA , Galacturonic acid monohydrate ,https://doi.org/10.1016/S0008-6215(00)00307-4,99.8,68.8,70.0,72.0,72.0,170.2,,,,,,,,,,,,,,,,,
382, ccmrd_400 , Glcp , Glucan ,https://doi.org/10.1006/snmr.2002.0052,103.7,,,71.6,,62.3,,,,,,,,,,,,,,,,,
383, ccmrd_401 , Glcp , Glucan ,https://doi.org/10.1006/snmr.2002.0052,96.8,,,83.5,,62.3,,,,,,,,,,,,,,,,,
384, ccmrd_402 , Glcp , Glucan ,https://doi.org/10.1006/snmr.2002.0052,103.8,,,71.5,,62.2,,,,,,,,,,,,,,,,,
385, ccmrd_403 , Glcp , Glucan ,https://doi.org/10.1006/snmr.2002.0052,96.7,,,83.5,,62.2,,,,,,,,,,,,,,,,,
386, ccmrd_404 , Fucp , Fucose ,https://doi.org/10.1021/jp0268617,99.6,68.2,70.1,72.7,65.3,,,,,,,,,,,,,,,,,,
387, ccmrd_405 , Glcp , Cellulose ,https://doi.org/10.1021/jf980553h,104.0,74.0,74.0,88.0,74.0,64.0,,,,,,,,,,,,,,,,,
388, ccmrd_406 , Glcp , Cellulose ,https://doi.org/10.1021/jf980553h,104.0,74.0,74.0,84.0,74.0,61.0,,,,,,,,,,,,,,,,,
389, ccmrd_407 , GlcpNAc , Chitin ,https://doi.org/10.1016/j.jsb.2018.07.009,101.0,56.0,73.1,80.4,75.7,60.7,,23.0,,123.6,4.5,3.7,3.6,3.6,3.4,3.7,,2.0,,,,,
390, ccmrd_408 , MurpNAc , N-acetyl muramic acid ,https://doi.org/10.1016/j.jsb.2018.07.009,103.6,56.4,80.6,73.7,76.0,61.1,78.6,,18.4,122.6,4.4,3.7,3.5,3.3,3.8,3.7,4.4,,,23.1,1.3,,1.9
391, ccmrd_409 , Glcp , cellulose ,https://doi.org/s41467-019-12979-9,104.3,,,88.3,71.7,66.0,,,,,,,,,,,,,,,,,
392, ccmrd_410 , Glcp , cellulose ,https://doi.org/10.1038/s41467-019-12979-9,106.0,71.6,75.3,90.0,71.7,65.8,,,,,,,,,,,,,,,,,
393, ccmrd_411 , Glcp , cellulose ,https://doi.org/10.1038/s41467-019-12979-9,105.4,72.4,75.9,89.5,72.8,65.5,,,,,,,,,,,,,,,,,
394, ccmrd_412 , Glcp , cellulose ,https://doi.org/10.1038/s41467-019-12979-9,105.3,72.6,75.4,84.1,74.3,62.2,,,,,,,,,,,,,,,,,
395, ccmrd_413 , Glcp , cellulose ,https://doi.org/10.1038/s41467-019-12979-9,104.3,,,88.3,71.7,66.0,,,,,,,,,,,,,,,,,
396, ccmrd_414 , Glcp , cellulose ,https://doi.org/10.1038/s41467-019-12979-9,105.2,,74.2,83.7,75.6,61.9,,,,,,,,,,,,,,,,,
397, ccmrd_415 , Glcp , cellulose ,https://doi.org/10.1038/s41467-019-12979-9,105.3,72.7,75.6,84.5,75.2,62.6,,,,,,,,,,,,,,,,,
398, ccmrd_416 , bDGlcp(1-4)[aDGalp(1-6)]bDManp(1-4)bDManp(1-4)bDGlcp(1-4)bDGlcp(1-4)[aDGalp(1-6)]bDManp(1-4)bDGlcp(1-4) , Galactoglucomannan ,https://doi.org/10.1038/s41467-019-12979-9,101.9,72.0,,80.4,75.8,61.6,,,,,,,,,,,,,,,,,
399, ccmrd_417 , bDGlcp(1-4)[aDGalp(1-6)]bDManp(1-4)bDManp(1-4)bDGlcp(1-4)bDGlcp(1-4)[aDGalp(1-6)]bDManp(1-4)bDGlcp(1-4) , Acetylated Galactoglucomannan ,https://doi.org/10.1038/s41467-019-12979-9,100.9,71.9,75.9,80.4,75.8,61.6,,,,,,,,,,,,,,,,,
400, ccmrd_418 , Xylp or [bLAraf(1-3)bLAraf(1-6)]bDGalp(1-3) , xylan or Arabinogalactan ,https://doi.org/10.1038/s41467-019-12979-9,108.6,82.1,78.3,86.1,62.8,,,,,,,,,,,,,,,,,,
401, ccmrd_419 , (1-4)αDGalpA(1-2)αLRhap , Rhamnogalacturonan I ,https://doi.org/10.1007/s10858-019-00277-x,,,,,,,,,,,5.1,4.1,,,,,,,,,,,
402, ccmrd_420 , (1-4)αDGalpA(1-2)αLRhap , Rhamnogalacturonan I ,https://doi.org/10.1007/s10858-019-00277-x,,,,,,,,,,,5.2,4.3,,,,,,,,,,,
403, ccmrd_421 , (1-4)αDGalpA(1-2)αLRhap , Rhamnogalacturonan I ,https://doi.org/10.1007/s10858-019-00277-x,,,,,,,,,,,5.0,4.1,4.0,4.2,3.8,,,,,,,,
404, ccmrd_422 , (1-4)αDGalpA(1-2)αLRhap , Rhamnogalacturonan I ,https://doi.org/10.1007/s10858-019-00277-x,,,,,,,,,,,5.1,4.1,3.9,4.0,3.7,,,,,,,,
405, ccmrd_423 , (1-4)αDGalpA(1-2)αLRhap , Rhamnogalacturonan I ,https://doi.org/10.1007/s10858-019-00277-x,,,,,,,,,,,,4.2,,,,,,,,,,,
406, ccmrd_424 , (1-4)αDGalpA(1-2)αLRhap , Rhamnogalacturonan I ,https://doi.org/10.1007/s10858-019-00277-x,,,,,,,,,,,5.3,4.2,,,,,,,,,,,
407, ccmrd_425 , (1-4)αDGalpA(1-2)αLRhap , Rhamnogalacturonan I ,https://doi.org/10.1007/s10858-019-00277-x,,,,,,,,,,,5.1,4.1,3.9,,,,,,,,,,
408, ccmrd_426 , (1-4)αDGalpA(1-2)αLRhap , Rhamnogalacturonan I ,https://doi.org/10.1007/s10858-019-00277-x,,,,,,,,,,,4.6,3.6,3.7,4.1,3.7,3.8,,,,,,,
409, ccmrd_427 , (1-4)αDGalpA(1-2)αLRhap , Rhamnogalacturonan I ,https://doi.org/10.1007/s10858-019-00277-x,,,,,,,,,,,4.6,,3.6,3.9,3.7,3.7,,,,,,,
410, ccmrd_428 , (1-4)αDGalpA(1-2)αLRhap , Rhamnogalacturonan I ,https://doi.org/10.1007/s10858-019-00277-x,,,,,,,,,,,4.4,,,,,,,,,,,,
411, ccmrd_429 , (1-4)αDGalpA(1-2)αLRhap , Rhamnogalacturonan I ,https://doi.org/10.1007/s10858-019-00277-x,,,,,,,,,,,4.6,,,,,,,,,,,,
412, ccmrd_430 , (1-4)αDGalpA(1-2)αLRhap , Rhamnogalacturonan I ,https://doi.org/10.1007/s10858-019-00277-x,,,,,,,,,,,4.4,,,,,,,,,,,,
413, ccmrd_431 , (1-4)αDGalpA(1-2)αLRhap , Rhamnogalacturonan I ,https://doi.org/10.1007/s10858-019-00277-x,,,,,,,,,,,4.4,3.5,,,,,,,,,,,
414, ccmrd_432 , (1-4)αDGalpA(1-2)αLRhap , Rhamnogalacturonan I ,https://doi.org/10.1007/s10858-019-00277-x,,,,,,,,,,,5.1,,3.9,4.3,,,,,,,,,
415, ccmrd_433 , (1-4)αDGalpA(1-2)αLRhap , Rhamnogalacturonan I ,https://doi.org/10.1007/s10858-019-00277-x,,,,,,,,,,,5.1,3.7,,,,,,,,,,,
416, ccmrd_434 , (1-4)αDGalpA(1-2)αLRhap , Rhamnogalacturonan I ,https://doi.org/10.1007/s10858-019-00277-x,,,,,,,,,,,5.1,3.9,3.9,,,,3.7,,,,,,
417, ccmrd_435 , (1-4)αDGalpA(1-2)αLRhap , Rhamnogalacturonan I ,https://doi.org/10.1007/s10858-019-00277-x,,,,,,,,,,,5.0,3.7,3.9,4.3,,,,,,,,,
418, ccmrd_436 , GlcpNAcMurpNAcManpNAcGlycerol-P , teichoic acid ,https://doi.org/10.1021/ja104533w,66.1,76.2,65.4,,,,,,,,,,,,,,,,,,,,
419, ccmrd_437 , GlcpNAcMurpNAcManpNAcGlycerol-P , teichoic acid ,https://doi.org/10.1021/ja104533w,67.3,71.6,63.1,,,,,,,,,,,,,,,,,,,,
420, ccmrd_438 , GlcpNAcMurpNAcManpNAcGlycerol-P , teichoic acid ,https://doi.org/10.1021/ja104533w,95.1,49.5,78.2,69.0,72.7,61.4,,,,,,,,,,,,,,,,,
421, ccmrd_439 , GlcpNAcMurpNAcManpNAcGlycerol-P , teichoic acid ,https://doi.org/10.1021/ja104533w,105.0,73.8,,,,,,,,,,,,,,,,,,,,,
422, ccmrd_440 , GlcpNAcMurpNAcManpNAcGlycerol-P , teichoic acid ,https://doi.org/10.1021/ja104533w,98.5,72.5,74.0,70.7,72.9,61.4,,,,,,,,,,,,,,,,,
423, ccmrd_441 , GlcpNAcMurpNAcManpNAcGlycerolRibitol , teichoic acid ,https://doi.org/10.1021/ja104533w,67.1,71.2,71.3,80.0,65.3,,,,,,,,,,,,,,,,,,
424, ccmrd_442 , GlcpNAcMurpNAcManpNAcGlycerolRibitol , teichoic acid ,https://doi.org/10.1021/ja104533w,66.8,70.2,71.7,70.2,66.8,,,,,,,,,,,,,,,,,,
425, ccmrd_443 , GlcpNAcMurpNAcManpNAcGlycerolRibitol , teichoic acid ,https://doi.org/10.1021/ja104533w,101.9,56.2,74.6,70.6,76.2,61.2,175.4,23.0,,,,,,,,,,,,,,,
426, ccmrd_444 , GlcpNAcMurpNAcManpNAcRibitolAATGalp , teichoic acid ,https://doi.org/10.1021/ja104533w,,,,71.5,67.4,,,,,,,,,,,,,,,,,,
427, ccmrd_445 , GlcpNAcMurpNAcManpNAcRibitolAATGalp , teichoic acid ,https://doi.org/10.1021/ja104533w,101.9,51.4,75.5,64.0,74.2,65.2,175.4,23.0,,,,,,,,,,,,,,,
428, ccmrd_446 , GlcpNAcMurpNAcManpNAcRibitolAATGalp , teichoic acid ,https://doi.org/10.1021/ja104533w,94.1,50.2,67.6,77.3,71.3,64.3,175.4,23.0,,,,,,,,,,,,,,,
429, ccmrd_447 , GlcpNAcMurpNAcManpNAcRibitolAATGalp , teichoic acid ,https://doi.org/10.1021/ja104533w,104.8,73.6,76.3,69.6,75.1,64.9,,,,,,,,,,,,,,,,,
430, ccmrd_448 , GlcpNAcMurpNAcManpNAcRibitolAATGalp , teichoic acid ,https://doi.org/10.1021/ja104533w,98.9,49.0,75.8,55.5,64.1,16.3,,,,,,,,,,,,,,,,,
431, ccmrd_449 , (1-4)αDGalpA(1-2)αLRhap , Rhamnogalacturonan I ,https://doi.org/10.1007/s10858-019-00277-x,,,,,,,,,,,,,,,3.9,1.3,,,,,,,
432, ccmrd_450 , (1-4)αDGalpA(1-2)αLRhap , Rhamnogalacturonan I ,https://doi.org/10.1007/s10858-019-00277-x,,,,,,,,,,,5.1,4.3,,3.6,4.0,1.2,,,,,,,
433, ccmrd_451 , (1-4)αDGalpA(1-2)αLRhap , Rhamnogalacturonan I ,https://doi.org/10.1007/s10858-019-00277-x,,,,,,,,,,,5.1,4.4,,3.6,4.0,1.2,,,,,,,
434, ccmrd_452 , Glcp , cellulose ,https://doi.org/10.1038/s41467-019-12979-9,104.3,,,88.3,71.7,66.0,,,,,,,,,,,,,,,,,
